domain	ltd	url	inverted	keyword
southafrica.figshare.co	co	http://southafrica.figshare.co	co.figshare.southafrica	figshare
2020cigtectonics.figshare.com	com	http://2020cigtectonics.figshare.com	com.figshare.2020cigtectonics	figshare
2020cigworkshop.figshare.com	com	http://2020cigworkshop.figshare.com	com.figshare.2020cigworkshop	figshare
acs.figshare.com	com	http://acs.figshare.com	com.figshare.acs	figshare
adalovelaceday.figshare.com	com	http://adalovelaceday.figshare.com	com.figshare.adalovelaceday	figshare
adelaide.figshare.com	com	http://adelaide.figshare.com	com.figshare.adelaide	figshare
adisjournals.figshare.com	com	http://adisjournals.figshare.com	com.figshare.adisjournals	figshare
africarxiv.figshare.com	com	http://africarxiv.figshare.com	com.figshare.africarxiv	figshare
altmetric.figshare.com	com	http://altmetric.figshare.com	com.figshare.altmetric	figshare
api.figshare.com	com	http://api.figshare.com	com.figshare.api	figshare
arizona.figshare.com	com	http://arizona.figshare.com	com.figshare.arizona	figshare
aru.figshare.com	com	http://aru.figshare.com	com.figshare.aru	figshare
asabe.figshare.com	com	http://asabe.figshare.com	com.figshare.asabe	figshare
asha.figshare.com	com	http://asha.figshare.com	com.figshare.asha	figshare
auckland.figshare.com	com	http://auckland.figshare.com	com.figshare.auckland	figshare
aup.figshare.com	com	http://aup.figshare.com	com.figshare.aup	figshare
bathspa.figshare.com	com	http://bathspa.figshare.com	com.figshare.bathspa	figshare
bmd2019.figshare.com	com	http://bmd2019.figshare.com	com.figshare.bmd2019	figshare
brepols.figshare.com	com	http://brepols.figshare.com	com.figshare.brepols	figshare
coopanabb.com.brgeolsoc.figshare.com	com	http://coopanabb.com.brgeolsoc.figshare.com	com.figshare.brgeolsoc.com.coopanabb	figshare
guiadasprofissoes.com.brgeolsoc.figshare.com	com	http://guiadasprofissoes.com.brgeolsoc.figshare.com	com.figshare.brgeolsoc.com.guiadasprofissoes	figshare
brill.figshare.com	com	http://brill.figshare.com	com.figshare.brill	figshare
brunel.figshare.com	com	http://brunel.figshare.com	com.figshare.brunel	figshare
cardiffmet.figshare.com	com	http://cardiffmet.figshare.com	com.figshare.cardiffmet	figshare
caryinstitute.figshare.com	com	http://caryinstitute.figshare.com	com.figshare.caryinstitute	figshare
cbbiomet.figshare.com	com	http://cbbiomet.figshare.com	com.figshare.cbbiomet	figshare
cbmrt.figshare.com	com	http://cbmrt.figshare.com	com.figshare.cbmrt	figshare
ccwi2017.figshare.com	com	http://ccwi2017.figshare.com	com.figshare.ccwi2017	figshare
cellimagelibrary.figshare.com	com	http://cellimagelibrary.figshare.com	com.figshare.cellimagelibrary	figshare
city.figshare.com	com	http://city.figshare.com	com.figshare.city	figshare
1splash.comgeolsoc.figshare.com	com	http://1splash.comgeolsoc.figshare.com	com.figshare.comgeolsoc.1splash	figshare
aunty-jasminehostel.comgeolsoc.figshare.com	com	http://aunty-jasminehostel.comgeolsoc.figshare.com	com.figshare.comgeolsoc.aunty-jasminehostel	figshare
pietza.comgeolsoc.figshare.com	com	http://pietza.comgeolsoc.figshare.com	com.figshare.comgeolsoc.pietza	figshare
onlineresearchconferences.comrs.figshare.com	com	http://onlineresearchconferences.comrs.figshare.com	com.figshare.comrs.onlineresearchconferences	figshare
pain-suffering.comrs.figshare.com	com	http://pain-suffering.comrs.figshare.com	com.figshare.comrs.pain-suffering	figshare
quantify.comrs.figshare.com	com	http://quantify.comrs.figshare.com	com.figshare.comrs.quantify	figshare
spiritualitywellness.comrs.figshare.com	com	http://spiritualitywellness.comrs.figshare.com	com.figshare.comrs.spiritualitywellness	figshare
thegeorgetownindependent.comrs.figshare.com	com	http://thegeorgetownindependent.comrs.figshare.com	com.figshare.comrs.thegeorgetownindependent	figshare
covid19.figshare.com	com	http://covid19.figshare.com	com.figshare.covid19	figshare
cput.figshare.com	com	http://cput.figshare.com	com.figshare.cput	figshare
cqu.figshare.com	com	http://cqu.figshare.com	com.figshare.cqu	figshare
cranfield.figshare.com	com	http://cranfield.figshare.com	com.figshare.cranfield	figshare
crick.figshare.com	com	http://crick.figshare.com	com.figshare.crick	figshare
ctsnet.figshare.com	com	http://ctsnet.figshare.com	com.figshare.ctsnet	figshare
diabetesjournals.figshare.com	com	http://diabetesjournals.figshare.com	com.figshare.diabetesjournals	figshare
digitalscience.figshare.com	com	http://digitalscience.figshare.com	com.figshare.digitalscience	figshare
dimensions.figshare.com	com	http://dimensions.figshare.com	com.figshare.dimensions	figshare
dmu.figshare.com	com	http://dmu.figshare.com	com.figshare.dmu	figshare
docs.figshare.com	com	http://docs.figshare.com	com.figshare.docs	figshare
downloads.figshare.com	com	http://downloads.figshare.com	com.figshare.downloads	figshare
dryad.figshare.com	com	http://dryad.figshare.com	com.figshare.dryad	figshare
dtu.figshare.com	com	http://dtu.figshare.com	com.figshare.dtu	figshare
eacs2016.figshare.com	com	http://eacs2016.figshare.com	com.figshare.eacs2016	figshare
epa.figshare.com	com	http://epa.figshare.com	com.figshare.epa	figshare
eresearch.figshare.com	com	http://eresearch.figshare.com	com.figshare.eresearch	figshare
eresearchnz.figshare.com	com	http://eresearchnz.figshare.com	com.figshare.eresearchnz	figshare
esip.figshare.com	com	http://esip.figshare.com	com.figshare.esip	figshare
esr-nz.figshare.com	com	http://esr-nz.figshare.com	com.figshare.esr-nz	figshare
eur.figshare.com	com	http://eur.figshare.com	com.figshare.eur	figshare
f1000.figshare.com	com	http://f1000.figshare.com	com.figshare.f1000	figshare
federation.figshare.com	com	http://federation.figshare.com	com.figshare.federation	figshare
files.figshare.com	com	http://files.figshare.com	com.figshare.files	figshare
fleicester.figshare.com	com	http://fleicester.figshare.com	com.figshare.fleicester	figshare
flinders.figshare.com	com	http://flinders.figshare.com	com.figshare.flinders	figshare
force16.figshare.com	com	http://force16.figshare.com	com.figshare.force16	figshare
frontiersin.figshare.com	com	http://frontiersin.figshare.com	com.figshare.frontiersin	figshare
future-science-group.figshare.com	com	http://future-science-group.figshare.com	com.figshare.future-science-group	figshare
futurescan.figshare.com	com	http://futurescan.figshare.com	com.figshare.futurescan	figshare
gateways2016.figshare.com	com	http://gateways2016.figshare.com	com.figshare.gateways2016	figshare
gateways2017.figshare.com	com	http://gateways2017.figshare.com	com.figshare.gateways2017	figshare
gateways2018.figshare.com	com	http://gateways2018.figshare.com	com.figshare.gateways2018	figshare
geolsoc.figshare.com	com	http://geolsoc.figshare.com	com.figshare.geolsoc	figshare
gsajournals.figshare.com	com	http://gsajournals.figshare.com	com.figshare.gsajournals	figshare
gsapubs.figshare.com	com	http://gsapubs.figshare.com	com.figshare.gsapubs	figshare
gsk.figshare.com	com	http://gsk.figshare.com	com.figshare.gsk	figshare
hammer.figshare.com	com	http://hammer.figshare.com	com.figshare.hammer	figshare
help.figshare.com	com	http://help.figshare.com	com.figshare.help	figshare
hgv.figshare.com	com	http://hgv.figshare.com	com.figshare.hgv	figshare
hirjibehedin-research.figshare.com	com	http://hirjibehedin-research.figshare.com	com.figshare.hirjibehedin-research	figshare
hku.figshare.com	com	http://hku.figshare.com	com.figshare.hku	figshare
hra.figshare.com	com	http://hra.figshare.com	com.figshare.hra	figshare
iastate.figshare.com	com	http://iastate.figshare.com	com.figshare.iastate	figshare
iavi.figshare.com	com	http://iavi.figshare.com	com.figshare.iavi	figshare
icsc2017.figshare.com	com	http://icsc2017.figshare.com	com.figshare.icsc2017	figshare
imisc.figshare.com	com	http://imisc.figshare.com	com.figshare.imisc	figshare
iop.figshare.com	com	http://iop.figshare.com	com.figshare.iop	figshare
janelia.figshare.com	com	http://janelia.figshare.com	com.figshare.janelia	figshare
jats-con.figshare.com	com	http://jats-con.figshare.com	com.figshare.jats-con	figshare
karger.figshare.com	com	http://karger.figshare.com	com.figshare.karger	figshare
kcl.figshare.com	com	http://kcl.figshare.com	com.figshare.kcl	figshare
kilthub.figshare.com	com	http://kilthub.figshare.com	com.figshare.kilthub	figshare
knowledge.figshare.com	com	http://knowledge.figshare.com	com.figshare.knowledge	figshare
latrobe.figshare.com	com	http://latrobe.figshare.com	com.figshare.latrobe	figshare
lboro.figshare.com	com	http://lboro.figshare.com	com.figshare.lboro	figshare
leicester.figshare.com	com	http://leicester.figshare.com	com.figshare.leicester	figshare
login.figshare.com	com	http://login.figshare.com	com.figshare.login	figshare
londonmalaria2019.figshare.com	com	http://londonmalaria2019.figshare.com	com.figshare.londonmalaria2019	figshare
lww.figshare.com	com	http://lww.figshare.com	com.figshare.lww	figshare
m.figshare.com	com	http://m.figshare.com	com.figshare.m	figshare
mandela.figshare.com	com	http://mandela.figshare.com	com.figshare.mandela	figshare
mcri.figshare.com	com	http://mcri.figshare.com	com.figshare.mcri	figshare
mdx.figshare.com	com	http://mdx.figshare.com	com.figshare.mdx	figshare
medicalaffairs.figshare.com	com	http://medicalaffairs.figshare.com	com.figshare.medicalaffairs	figshare
melbourne.figshare.com	com	http://melbourne.figshare.com	com.figshare.melbourne	figshare
mendeley.figshare.com	com	http://mendeley.figshare.com	com.figshare.mendeley	figshare
microbiology.figshare.com	com	http://microbiology.figshare.com	com.figshare.microbiology	figshare
midwestern.figshare.com	com	http://midwestern.figshare.com	com.figshare.midwestern	figshare
monash.figshare.com	com	http://monash.figshare.com	com.figshare.monash	figshare
nasig.figshare.com	com	http://nasig.figshare.com	com.figshare.nasig	figshare
ndownloader.figshare.com	com	http://ndownloader.figshare.com	com.figshare.ndownloader	figshare
ngf-vk21.figshare.com	com	http://ngf-vk21.figshare.com	com.figshare.ngf-vk21	figshare
nhlbi.figshare.com	com	http://nhlbi.figshare.com	com.figshare.nhlbi	figshare
nih.figshare.com	com	http://nih.figshare.com	com.figshare.nih	figshare
nisoplus.figshare.com	com	http://nisoplus.figshare.com	com.figshare.nisoplus	figshare
nordp.figshare.com	com	http://nordp.figshare.com	com.figshare.nordp	figshare
northumbria.figshare.com	com	http://northumbria.figshare.com	com.figshare.northumbria	figshare
npg.figshare.com	com	http://npg.figshare.com	com.figshare.npg	figshare
nsf.figshare.com	com	http://nsf.figshare.com	com.figshare.nsf	figshare
nsf-si2-pi.figshare.com	com	http://nsf-si2-pi.figshare.com	com.figshare.nsf-si2-pi	figshare
nwu.figshare.com	com	http://nwu.figshare.com	com.figshare.nwu	figshare
openconlatam.figshare.com	com	http://openconlatam.figshare.com	com.figshare.openconlatam	figshare
openpharma.figshare.com	com	http://openpharma.figshare.com	com.figshare.openpharma	figshare
openscijapan2017.figshare.com	com	http://openscijapan2017.figshare.com	com.figshare.openscijapan2017	figshare
opticapublishing.figshare.com	com	http://opticapublishing.figshare.com	com.figshare.opticapublishing	figshare
orcid.figshare.com	com	http://orcid.figshare.com	com.figshare.orcid	figshare
osapublishing.figshare.com	com	http://osapublishing.figshare.com	com.figshare.osapublishing	figshare
ou.figshare.com	com	http://ou.figshare.com	com.figshare.ou	figshare
overleaf.figshare.com	com	http://overleaf.figshare.com	com.figshare.overleaf	figshare
oxford.figshare.com	com	http://oxford.figshare.com	com.figshare.oxford	figshare
palgrave.figshare.com	com	http://palgrave.figshare.com	com.figshare.palgrave	figshare
pasig.figshare.com	com	http://pasig.figshare.com	com.figshare.pasig	figshare
pasignyc.figshare.com	com	http://pasignyc.figshare.com	com.figshare.pasignyc	figshare
pasigoxford.figshare.com	com	http://pasigoxford.figshare.com	com.figshare.pasigoxford	figshare
pfizer.figshare.com	com	http://pfizer.figshare.com	com.figshare.pfizer	figshare
physiome.figshare.com	com	http://physiome.figshare.com	com.figshare.physiome	figshare
pidapalooza.figshare.com	com	http://pidapalooza.figshare.com	com.figshare.pidapalooza	figshare
plos.figshare.com	com	http://plos.figshare.com	com.figshare.plos	figshare
plus.figshare.com	com	http://plus.figshare.com	com.figshare.plus	figshare
pnas.figshare.com	com	http://pnas.figshare.com	com.figshare.pnas	figshare
portlandpress.figshare.com	com	http://portlandpress.figshare.com	com.figshare.portlandpress	figshare
previews.figshare.com	com	http://previews.figshare.com	com.figshare.previews	figshare
publishers.figshare.com	com	http://publishers.figshare.com	com.figshare.publishers	figshare
rcssd.figshare.com	com	http://rcssd.figshare.com	com.figshare.rcssd	figshare
ripeta.figshare.com	com	http://ripeta.figshare.com	com.figshare.ripeta	figshare
rmit.figshare.com	com	http://rmit.figshare.com	com.figshare.rmit	figshare
rori.figshare.com	com	http://rori.figshare.com	com.figshare.rori	figshare
royalholloway.figshare.com	com	http://royalholloway.figshare.com	com.figshare.royalholloway	figshare
rs.figshare.com	com	http://rs.figshare.com	com.figshare.rs	figshare
ruspsydata.figshare.com	com	http://ruspsydata.figshare.com	com.figshare.ruspsydata	figshare
s3-hzgw.figshare.com	com	http://s3-hzgw.figshare.com	com.figshare.s3-hzgw	figshare
s3-hzgw-2020.figshare.com	com	http://s3-hzgw-2020.figshare.com	com.figshare.s3-hzgw-2020	figshare
sage.figshare.com	com	http://sage.figshare.com	com.figshare.sage	figshare
salford.figshare.com	com	http://salford.figshare.com	com.figshare.salford	figshare
scielo.figshare.com	com	http://scielo.figshare.com	com.figshare.scielo	figshare
scilifelab.figshare.com	com	http://scilifelab.figshare.com	com.figshare.scilifelab	figshare
sfedu.figshare.com	com	http://sfedu.figshare.com	com.figshare.sfedu	figshare
sgm.figshare.com	com	http://sgm.figshare.com	com.figshare.sgm	figshare
sgul.figshare.com	com	http://sgul.figshare.com	com.figshare.sgul	figshare
sheffield.figshare.com	com	http://sheffield.figshare.com	com.figshare.sheffield	figshare
smithsonian.figshare.com	com	http://smithsonian.figshare.com	com.figshare.smithsonian	figshare
smu-za.figshare.com	com	http://smu-za.figshare.com	com.figshare.smu-za	figshare
sn-scigraph.figshare.com	com	http://sn-scigraph.figshare.com	com.figshare.sn-scigraph	figshare
spinebiomechanics.figshare.com	com	http://spinebiomechanics.figshare.com	com.figshare.spinebiomechanics	figshare
springernature.figshare.com	com	http://springernature.figshare.com	com.figshare.springernature	figshare
ssi-cw.figshare.com	com	http://ssi-cw.figshare.com	com.figshare.ssi-cw	figshare
static.figshare.com	com	http://static.figshare.com	com.figshare.static	figshare
status.figshare.com	com	http://status.figshare.com	com.figshare.status	figshare
stedwards.figshare.com	com	http://stedwards.figshare.com	com.figshare.stedwards	figshare
stemfellowship.figshare.com	com	http://stemfellowship.figshare.com	com.figshare.stemfellowship	figshare
sti18ldn.figshare.com	com	http://sti18ldn.figshare.com	com.figshare.sti18ldn	figshare
su.figshare.com	com	http://su.figshare.com	com.figshare.su	figshare
support.figshare.com	com	http://support.figshare.com	com.figshare.support	figshare
surrey.figshare.com	com	http://surrey.figshare.com	com.figshare.surrey	figshare
sussex.figshare.com	com	http://sussex.figshare.com	com.figshare.sussex	figshare
swat4hcls.figshare.com	com	http://swat4hcls.figshare.com	com.figshare.swat4hcls	figshare
tagc2020.figshare.com	com	http://tagc2020.figshare.com	com.figshare.tagc2020	figshare
tandf.figshare.com	com	http://tandf.figshare.com	com.figshare.tandf	figshare
team.figshare.com	com	http://team.figshare.com	com.figshare.team	figshare
techrxiv.figshare.com	com	http://techrxiv.figshare.com	com.figshare.techrxiv	figshare
tome.figshare.com	com	http://tome.figshare.com	com.figshare.tome	figshare
torrens.figshare.com	com	http://torrens.figshare.com	com.figshare.torrens	figshare
uct.figshare.com	com	http://uct.figshare.com	com.figshare.uct	figshare
ufh.figshare.com	com	http://ufh.figshare.com	com.figshare.ufh	figshare
ufs.figshare.com	com	http://ufs.figshare.com	com.figshare.ufs	figshare
uic.figshare.com	com	http://uic.figshare.com	com.figshare.uic	figshare
unisa.figshare.com	com	http://unisa.figshare.com	com.figshare.unisa	figshare
usn.figshare.com	com	http://usn.figshare.com	com.figshare.usn	figshare
uu.figshare.com	com	http://uu.figshare.com	com.figshare.uu	figshare
uvaauas.figshare.com	com	http://uvaauas.figshare.com	com.figshare.uvaauas	figshare
uwc.figshare.com	com	http://uwc.figshare.com	com.figshare.uwc	figshare
uwyo.figshare.com	com	http://uwyo.figshare.com	com.figshare.uwyo	figshare
visualiseyourthesis.figshare.com	com	http://visualiseyourthesis.figshare.com	com.figshare.visualiseyourthesis	figshare
vivo.figshare.com	com	http://vivo.figshare.com	com.figshare.vivo	figshare
web-static.figshare.com	com	http://web-static.figshare.com	com.figshare.web-static	figshare
web2.figshare.com	com	http://web2.figshare.com	com.figshare.web2	figshare
wellcome.figshare.com	com	http://wellcome.figshare.com	com.figshare.wellcome	figshare
wellcomeopenresearch.figshare.com	com	http://wellcomeopenresearch.figshare.com	com.figshare.wellcomeopenresearch	figshare
widgets.figshare.com	com	http://widgets.figshare.com	com.figshare.widgets	figshare
wiley.figshare.com	com	http://wiley.figshare.com	com.figshare.wiley	figshare
wl.figshare.com	com	http://wl.figshare.com	com.figshare.wl	figshare
wsu.figshare.com	com	http://wsu.figshare.com	com.figshare.wsu	figshare
yorksj.figshare.com	com	http://yorksj.figshare.com	com.figshare.yorksj	figshare
zenodo.figshare.com	com	http://zenodo.figshare.com	com.figshare.zenodo	figshare
zuyd.figshare.com	com	http://zuyd.figshare.com	com.figshare.zuyd	figshare
